array_sizes,throughtputs
2048.0,0.1343
8192.0,0.5104
32768.0,2.004
131072.0,8.539
524288.0,21.89
2.097152e6,75.03
8.388608e6,121.4
3.3554432e7,148.5
1.34217728e8,164.9
5.36870912e8,168.8
