array_sizes,throughtputs
8192.0,27.31
32768.0,63.42
131072.0,59.94
524288.0,60.73
2.097152e6,52.91
8.388608e6,12.78
3.3554432e7,14.57
1.34217728e8,11.73
5.36870912e8,11.98
