array_sizes,throughtputs
8192.0,0.7186
32768.0,1.669
131072.0,11.99
524288.0,41.61
2.097152e6,106.6
8.388608e6,140.0
3.3554432e7,159.3
1.34217728e8,171.5
5.36870912e8,173.2
