array_sizes,throughtputs
8192.0,0.5729
32768.0,2.252
131072.0,7.802
524288.0,28.26
2.097152e6,71.7
8.388608e6,94.25
3.3554432e7,106.2
1.34217728e8,113.8
5.36870912e8,115.7
