array_sizes,throughtputs
8192.0,18.03
32768.0,41.22
131072.0,37.18
524288.0,40.64
2.097152e6,36.57
8.388608e6,13.16
3.3554432e7,10.25
1.34217728e8,9.564
5.36870912e8,9.59
